{
  "generated_utc": "2026-02-26T17:16:13.663452+00:00",
  "L": 3,
  "hc_json": "/Users/jakestrobel/Documents/Holstein_implementation/Holstein_test/Fermi-Hamil-JW-VQE-TROTTER-PIPELINE/artifacts/json/H_L3_vt_t1.0_U4.0_S64.json",
  "qk_json": "/Users/jakestrobel/Documents/Holstein_implementation/Holstein_test/Fermi-Hamil-JW-VQE-TROTTER-PIPELINE/artifacts/json/Q_L3_vt_t1.0_U4.0_S64.json",
  "metrics": {
    "time_grid": {
      "num_times": 201,
      "t0": 0.0,
      "t_final": 20.0,
      "dt": 0.1
    },
    "trajectory_deltas": {
      "fidelity": {
        "max_abs_delta": 2.5406557406792984e-05,
        "mean_abs_delta": 2.8007317692188908e-06,
        "final_abs_delta": 1.0124221024199187e-05,
        "first_time_abs_delta_gt_1e-4": null,
        "first_time_abs_delta_gt_1e-3": null
      },
      "energy_static_trotter": {
        "max_abs_delta": 7.53603631198363e-05,
        "mean_abs_delta": 1.629697649177572e-05,
        "final_abs_delta": 1.1306409559042052e-05,
        "first_time_abs_delta_gt_1e-4": null,
        "first_time_abs_delta_gt_1e-3": null
      },
      "n_up_site0_trotter": {
        "max_abs_delta": 0.00011061897555375566,
        "mean_abs_delta": 5.437317683135419e-05,
        "final_abs_delta": 1.6331270097036388e-05,
        "first_time_abs_delta_gt_1e-4": 0.0,
        "first_time_abs_delta_gt_1e-3": null
      },
      "n_dn_site0_trotter": {
        "max_abs_delta": 0.00011498318879632485,
        "mean_abs_delta": 5.393957768156685e-05,
        "final_abs_delta": 1.6385347356012714e-05,
        "first_time_abs_delta_gt_1e-4": 2.3000000000000003,
        "first_time_abs_delta_gt_1e-3": null
      },
      "doublon_trotter": {
        "max_abs_delta": 5.750597368922583e-05,
        "mean_abs_delta": 2.0604425447591275e-05,
        "final_abs_delta": 1.7045653295882923e-05,
        "first_time_abs_delta_gt_1e-4": null,
        "first_time_abs_delta_gt_1e-3": null
      },
      "energy_total_exact": {
        "max_abs_delta": 1.8068986641583962e-05,
        "mean_abs_delta": 3.4719093861449376e-06,
        "final_abs_delta": 2.461751066551443e-06,
        "first_time_abs_delta_gt_1e-4": null,
        "first_time_abs_delta_gt_1e-3": null
      },
      "energy_total_trotter": {
        "max_abs_delta": 6.833523880223069e-05,
        "mean_abs_delta": 1.1239972057832327e-05,
        "final_abs_delta": 1.1307526124326728e-05,
        "first_time_abs_delta_gt_1e-4": null,
        "first_time_abs_delta_gt_1e-3": null
      }
    },
    "ground_state_energy": {
      "hardcoded_exact_energy": -2.000000000000002,
      "qiskit_exact_energy": -2.000000000000002,
      "abs_delta": 0.0
    },
    "acceptance": {
      "thresholds": {
        "ground_state_energy_abs_delta": 1e-08,
        "fidelity_max_abs_delta": 0.0001,
        "energy_static_trotter_max_abs_delta": 0.001,
        "energy_total_trotter_max_abs_delta": 0.001,
        "n_up_site0_trotter_max_abs_delta": 0.005,
        "n_dn_site0_trotter_max_abs_delta": 0.005,
        "doublon_trotter_max_abs_delta": 0.001
      },
      "checks": {
        "ground_state_energy_abs_delta": true,
        "fidelity_max_abs_delta": true,
        "energy_static_trotter_max_abs_delta": true,
        "n_up_site0_trotter_max_abs_delta": true,
        "n_dn_site0_trotter_max_abs_delta": true,
        "doublon_trotter_max_abs_delta": true,
        "energy_total_trotter_max_abs_delta": true
      },
      "pass": true
    }
  }
}