{
  "suzuki2": {
    "local_extrema": 25,
    "min": 0.15910803842557744,
    "max": 0.21531552383890493,
    "span": 0.056207485413327485
  },
  "cfqm4": {
    "local_extrema": 26,
    "min": 0.1591201452509154,
    "max": 0.21526818294906197,
    "span": 0.05614803769814658
  },
  "elapsed_s": 390.7946440000087
}