method,trotter_steps,final_abs_energy_error,max_abs_energy_error,final_energy_total_trotter,reference_final_energy_total_trotter,term_exp_count_total,cx_proxy_total,sq_proxy_total,run_runtime_s,propagator,drive_enabled
suzuki2,16,0.0011640204106252439,0.0021686707352329693,-0.9879532358367257,-0.9867892154261004,352,384,864,3.7345294593833387,suzuki2,True
suzuki2,32,0.0005688682462750005,0.0005688682462750005,-0.9873580836723754,-0.9867892154261004,704,768,1728,4.365956958848983,suzuki2,True
cfqm4,16,0.00048317267991648816,0.0005258285539904151,-0.9872723881060169,-0.9867892154261004,704,768,1728,4.966932583134621,cfqm4,True
cfqm4,32,0.00012579601926199224,0.0001271797834496713,-0.9869150114453624,-0.9867892154261004,1408,1536,3456,5.581727917306125,cfqm4,True
cfqm6,16,0.0002393112088889815,0.0002393112088889815,-0.9870285266349894,-0.9867892154261004,1760,1920,4320,5.539610417094082,cfqm6,True
cfqm6,32,4.794619454095983e-05,5.482299345094255e-05,-0.9868371616206414,-0.9867892154261004,3520,3840,8640,8.056047250051051,cfqm6,True
