method,trotter_steps,final_abs_energy_error,max_abs_energy_error,final_energy_total_trotter,reference_final_energy_total_trotter,term_exp_count_total,cx_proxy_total,sq_proxy_total,run_runtime_s,propagator,drive_enabled
suzuki2,16,5.385082101794225e-06,5.385082101794225e-06,-0.9999946149178984,-1.0000000000000002,352,384,864,0.8598599168471992,suzuki2,False
suzuki2,32,3.373689614338815e-07,3.373689614338815e-07,-0.9999996626310388,-1.0000000000000002,704,768,1728,0.8849613750353456,suzuki2,False
cfqm4,16,3.3736900784120394e-07,3.3736900784120394e-07,-0.9999996626309924,-1.0000000000000002,704,768,1728,1.031449165660888,cfqm4,False
cfqm4,32,2.109818986184564e-08,2.109818986184564e-08,-0.9999999789018104,-1.0000000000000002,1408,1536,3456,1.2179516670294106,cfqm4,False
