method,trotter_steps,final_abs_energy_error,max_abs_energy_error,final_energy_total_trotter,reference_final_energy_total_trotter,term_exp_count_total,cx_proxy_total,sq_proxy_total,run_runtime_s,propagator,drive_enabled
suzuki2,16,0.0011802041400781338,0.0021745402823414306,-0.9879532358367257,-0.9867730316966475,352,384,864,6.206062374636531,suzuki2,True
suzuki2,32,0.0005850519757278905,0.0005850519757278905,-0.9873580836723754,-0.9867730316966475,704,768,1728,8.985110458917916,suzuki2,True
cfqm4,16,0.0004993564093693781,0.0005308570663423717,-0.9872723881060169,-0.9867730316966475,704,768,1728,9.578542625065893,cfqm4,True
cfqm4,32,0.00014197974871488217,0.00014197974871488217,-0.9869150114453624,-0.9867730316966475,1408,1536,3456,16.588217167183757,cfqm4,True
cfqm6,16,0.0002554949383418714,0.0002554949383418714,-0.9870285266349894,-0.9867730316966475,1760,1920,4320,16.533084041904658,cfqm6,True
cfqm6,32,6.412992399384976e-05,6.412992399384976e-05,-0.9868371616206414,-0.9867730316966475,3520,3840,8640,29.02127808285877,cfqm6,True
