method,trotter_steps,final_abs_energy_error,max_abs_energy_error,final_energy_total_trotter,reference_final_energy_total_trotter,term_exp_count_total,cx_proxy_total,sq_proxy_total,run_runtime_s,propagator,drive_enabled
suzuki2,16,0.0011802041400781338,0.0021736796512971113,-0.9879532358367257,-0.9867730316966475,352,384,864,1.766792334150523,suzuki2,True
suzuki2,32,0.0005850519757278905,0.0005850519757278905,-0.9873580836723754,-0.9867730316966475,704,768,1728,2.1233577909879386,suzuki2,True
cfqm4,16,0.0004993564093693781,0.0005308374700545571,-0.9872723881060169,-0.9867730316966475,704,768,1728,2.2862227079458535,cfqm4,True
cfqm4,32,0.00014197974871488217,0.00014197974871488217,-0.9869150114453624,-0.9867730316966475,1408,1536,3456,3.59551087487489,cfqm4,True
