method,trotter_steps,final_abs_energy_error,max_abs_energy_error,final_energy_total_trotter,reference_final_energy_total_trotter,term_exp_count_total,cx_proxy_total,sq_proxy_total,run_runtime_s,propagator,drive_enabled
suzuki2,16,0.0011802041400781338,0.0021736796512971113,-0.9879532358367257,-0.9867730316966475,352,384,864,1.5598394172266126,suzuki2,True
cfqm4,16,0.0004993564093693781,0.0005308374700545571,-0.9872723881060169,-0.9867730316966475,704,768,1728,2.4454539171420038,cfqm4,True
cfqm6,16,0.0002554949383418714,0.0002554949383418714,-0.9870285266349894,-0.9867730316966475,1760,1920,4320,3.41651300014928,cfqm6,True
